<?xml version='1.0' encoding='utf-8' standalone='yes' ?>
<map>
    <long name="first_open_time" value="1759417634996" />
    <string name="admob_app_id">xxxxxxxxxxx</string>
    <string name="gmp_app_id">1:100414569437:android:dc3d1d9d77cd26a9545434</string>
    <string name="app_instance_id">968f0b25543b138d80c32d83dec9f6a8</string>
    <boolean name="app_backgrounded" value="true" />
    <long name="health_monitor:start" value="1761304403267" />
    <boolean name="use_service" value="true" />
    <boolean name="has_been_opened" value="true" />
    <string name="health_monitor:value">2WC84002:Service connection failed: -</string>
    <boolean name="allow_remote_dynamite" value="true" />
    <boolean name="start_new_session" value="true" />
    <long name="health_monitor:count" value="16" />
</map>
