<?xml version='1.0' encoding='utf-8' standalone='yes' ?>
<map>
    <string name="last-used-date">2025-10-24</string>
    <long name="fire-count" value="1" />
    <long name="fire-global" value="1761304402628" />
    <set name="device-brand/vivo fire-cls/18.6.2 android-min-sdk/24 fire-sessions/1.2.1 fire-fcm/23.4.1 fire-core-ktx/20.4.2 android-installer/com.android.secex fire-android/28 fire-analytics/21.5.1 fire-abt/21.1.1 fire-core/20.4.2 device-model/X5Pro fire-installations/17.2.0 android-platform/ kotlin/1.9.22 android-target-sdk/27 fire-dl/21.2.0 fire-transport/18.1.8 fire-rc/21.6.1 device-name/94880faaa79f7d39">
        <string>2025-10-24</string>
    </set>
</map>
