{"configs_key":{"Show_Duration_Toggle":"true","adds_episodes_interval":"2","alert_download_size":"100","allow_access_background_guide":"true","always_show_premium_tab":"true","animate_share_btn":"true","animate_unlock_button_player":"false","api_response_caching_duration":"1800","app_language":"en","audio_promotion":"true","auto_download_episode_id":"42786","auto_payment_tooltip":"true","autoplay_on_player_for_new_user":"1","autoplay_show_hybrid_player":"false","banner_play_muted":"true","banner_refresh_rate":"10000","banner_refresh_rate_free_user":"10000","banner_refresh_rate_premium_user":"5000","call_us_phones":"+912071530214","call_us_popup_data":"{\"english\":{\"title\":\"Happy to help you\",\"message\":\"We are available Monday to Sunday between 10am to 7pm. Normal call charges may apply.\"},\"hindi\":{\"title\":\"आपकी मदद करने में खुशी होगी\",\"message\":\"हम सोमवार से रविवार सुबह 10 बजे से शाम 7 बजे तक उपलब्ध हैं। सामान्य कॉल शुल्क लागू हो सकते हैं।\"},\"bengali\":{\"title\":\"আপনাকে সাহায্য করে খুশি হবে\",\"message\":\"আমরা সোমবার থেকে রবিবার সকাল 10 টা থেকে সন্ধ্যা 7 টার মধ্যে উপলব্ধ। স্বাভাবিক কল চার্জ প্রযোজ্য হতে পারে।\"},\"gujarati\":{\"title\":\"તમને મદદ કરવામાં આનંદ થશે\",\"message\":\"અમે સોમવારથી રવિવાર સવારે 10 થી સાંજે 7 વાગ્યાની વચ્ચે ઉપલબ્ધ છીએ. સામાન્ય કોલ ચાર્જ લાગુ થઈ શકે છે.\"},\"marathi\":{\"title\":\"तुम्हाला मदत करण्यात आनंद होईल\",\"message\":\"आम्ही सोमवार ते रविवार सकाळी 10 ते संध्याकाळी 7 दरम्यान उपलब्ध आहोत. सामान्य कॉल शुल्क लागू होऊ शकतात।\"},\"tamil\":{\"title\":\"உங்களுக்கு உதவ சந்தோஷமாக இருக்கும்\",\"message\":\"நாங்கள் திங்கள் முதல் ஞாயிறு வரை காலை 10 மணி முதல் இரவு 7 மணி வரை கிடைக்கும். சாதாரண அழைப்பு கட்டணங்கள் பொருந்தும்.\"}}","cdn_base_url":"https:\/\/d31ntp24xvh0tq.cloudfront.net","channel_list_listener_visibility":"false","content_lang_on_subs_page":"false","content_preview_enabled":"false","coupon_scarcity_renewal":"false","creator_alert_visibility":"false","cu_autoplay":"false","curation_entertainment_image":"https:\/\/images.cdn.kukufm.com\/https:\/\/kukufm.s3.ap-south-1.amazonaws.com\/banners\/entertainment.png","curation_learning_image":"https:\/\/images.cdn.kukufm.com\/https:\/\/kukufm.s3.ap-south-1.amazonaws.com\/banners\/learning.png","daily_d1_autoplay_limit":"false","daily_unlock_tooltip_count":"2","dark_theme_default":"true","dedicate_to_visible":"true","details_tab_active":"false","disable_auto_renew_hints":"false","discount_ribbon_text":"Get your Premium back ","download_wifi_popup":"{\"enable\":false,\"delay\":3000,\"interval\":1,\"free_user_enable\":false}","duration_on_content_enabled":"false","email_for_edit_details":"info@kukufm.com","enable_app_language_change":"false","enable_bhakti_theme_change_setting":"false","enable_cdn_based_url_v2":"false","enable_coupon_scarcity":"false","enable_explore_video_autoplay":"true","enable_festive_sale":"false","enable_gift_feature":"false","enable_guilt_for_renewals_payment_page":"false","enable_guilt_popup_for_renewals":"false","enable_hinglish":"true","enable_jiny":"true","enable_marathi_app_lang":"false","enable_otpless_whatsapp_login":"false","enable_priority_timer":"true","enable_skip_and_google_login_for_international":"false","enable_skip_on_onboarding_category":"false","enable_smartlook":"true","enable_smartlook_for_countries":"[\"US\"]","enable_top_bar_budge_for_renewals":"false","enable_video_monitoring":"true","episodes_on_content_enabled":"false","episodes_pagination_size":"10","fb_user_auth_using_otp":"true","feedback_medium":"gmail","first_show_upsell":"false","followed_podcast_source":"remote_api","force_stop_youtube_id":"mp4Wa1KkCi4","free_episode_key_type":"n_percent","free_episode_key_value":"100","free_tag_visibility":"true","fullscreen_invite_subhead_hi":"इस ऐप को ज़्यादा से ज़्यादा भारतीयों तक पहुंचाने में हमारी मदद करें।","gifting_plan":"{\"planId\":506,\"title\":\"Annual Plan\",\"planType\":\"overall\",\"validity\":365,\"validityText\":\"Year\",\"validTill\":null,\"planName\":\"Annual Plan\",\"couponDiscountAmount\":0,\"couponCode\":\"\",\"finalPrice\":1199,\"showId\":null,\"googlePlayProductId\":\"temp_premium_y1\",\"effectivePrice\":\"Effective price ₹75\/month\",\"isFreeTrial\":false,\"renewalDate\":null,\"freeTrialChargeMsg\":null}","gpay_smart_intent_enabled":"true","guilt_popup_version":"4","hide_email_skip_login_US":"true","hide_show_title":"true","hide_top_bar_and_new_qam":"true","home_banner_position":"0","home_index":"0","home_page_nudge_premium_earning_url":"{\"url\":\"https:\/\/images.cdn.kukufm.com\/https:\/\/kukufm.s3.ap-south-1.amazonaws.com\/banners\/benefit-mania-1.png\",\"enable\":false}","home_quiz_d1":"{\"button_animation_duration\":3000,\"quiz\":[{\"question\":\"What type of content you like on Kuku FM?\",\"options\":[\"Business\",\"Career\",\"Society & Culture\",\"Thriller\"]}],\"coupon_deeplink\":\"app:\/\/kukufm\/subscription?action=pre_apply_coupon&couponCode=FREEDOM50&planId=203\"}","home_screen_download":"true","horizontal_new_release":"true","horizontal_top_20":"true","in_app_update":"0","infinite_feed_title":"Recommended Shows","init_crash_screenshot_handler":"true","inquiry_number":"+912071530214","invite_delayed_time":"60","invite_layout_visibility":"false","invite_remote_listening_time2":"60000000000000000","invite_whatsapp_popup_count":"0","invite_whatsapp_popup_delayed_time":"120000","ios_free_trial_timer":"3","landing_tab":"home","language_coachmark":"true","language_prompt_count":"3","library_category_list":"{\"items\":[{\"id\":1,\"title\":\"Top Audios for you\",\"slug\":\"top-audios-for-you\"},{\"id\":2,\"title\":\"Most Played\",\"slug\":\"top-10-in-india\"},{\"id\":4,\"title\":\"New Releases\",\"slug\":\"newly-released-\"},{\"id\":5,\"title\":\"Premium\",\"slug\":\"premium-content\"},{\"id\":6,\"title\":\"Trending\",\"slug\":\"trending-now\"}]}","live_banner_default_volume":"0","lock_in_listening_schedule":"false","login_screen_show_graphic":"true","mandatory_annual_auto_pay_enabled":"false","mandatory_annual_auto_pay_enabled_v2":"false","mandatory_lang_for_onboarding":"hi","max_adds_per_day":"30","miniapp_localhost_domain":"http:\/\/vikas.stage.kukufm.com","miniapp_preprod_domain":"http:\/\/preprod.kukufm.com","miniapp_prod_domain":"http:\/\/kukufm.com","mobile_no_for_edit_details":"+912071530214","mute_trailer_on_show_page":"false","native_premium_page_auto_apply_coupon":"true","network_stats_enabled":"true","new_auto_renewal_every_month":"{\"data\":{\"enable\":false,\"show_icon\":false,\"icon_color\":\"\",\"show_index\":false,\"enable_v2\":true,\"show_v2_msgs\":false}}","new_mini_player":"true","new_show_page":"false","new_show_page_show_tags":"false","new_show_page_trailer_auto_resume":"false","new_show_page_v2":"true","notification_permission_data":"{\"firstWeekMaxCount\":2,\"weeklyMaxCount\":2,\"maxWeekCount\":10,\"title\":\"Earn 20\",\"description\":\"Enable Push Notifications & get 20 free coins <b>tomorrow<\/b>!! Don't miss out!\",\"promoCoins\":20,\"promoActivityId\":67,\"promoActivityCode\":\"notification_permission\",\"showRewardFlow\":false}","notification_permission_prompt_data":"{\"firstWeekMaxCount\":0,\"weeklyMaxCount\":0,\"maxWeekCount\":0,\"title\":\"Earn 20\",\"description\":\"Enable Push Notifications & get 20 free coins <b>tomorrow<\/b>!! Don't miss out!\",\"promoCoins\":20,\"promoActivityId\":67,\"promoActivityCode\":\"notification_permission\"}","otp_resend_time":"30","pause_nudge":"false","payment_video_url":"https:\/\/kukufm.s3.ap-south-1.amazonaws.com\/experiments\/automatic_payment_guide.mp4","paywall_data":"{\"type\":\"image\",\"data\":{\"category_name\":\"RECOMMENDED BY\",\"image_url\":\"https:\/\/images.cdn.kukufm.com\/https:\/\/kukufm.s3.ap-south-1.amazonaws.com\/banners\/Paywall-a-20-Aug-2022.png\",\"top_text\":\"Unlock all 30 Episodes now with Premium\",\"text\":\"“This book has changed my life, Must read.”\",\"sub_text\":\"Bill Gates\",\"button_text\":\"Subscribe Now RC\"}}","perform_anonymous_login_on_splash":"true","play_audio_on_banner_click":"false","play_recommended_on_locked_player":"true","play_trailer_content_preview":"true","play_trailer_on_scroll_show_page":"true","player_default_tab":"comments","player_experiment_d0":"false","player_tabs_order":"comments,notes","player_tabs_order_v2":"comments,episodes,explore","popular_search_terms":"Finance, Money and Investment, Dil Bechara, Rich Dad Poor Dad","premium_benefits":"{\"english\":[\"1000+ shows\",\"Adfree listening experience\",\"HD quality streaming\"],\"hindi\":[\"1000+ शो\",\"एड फ्री सुननें का बेहतर अनुभव\",\"एचडी क्‍वालिटी का मजा लें!\"],\"marathi\":[\"1000+ शोस\",\"एड फ्री सुननें का बेहतर अनुभव\",\"एचडी क्‍वालिटी का मजा लें!\"],\"bengali\":[\"1000+ শো\",\"বিজ্ঞাপন ছাড়া শোনার অভিজ্ঞতা\",\"HD মানের স্ট্রিমিং\"],\"gujarati\":[\"1000+ શોઝ\",\"એડ ફ્રી સાંભળવાનો અનુભવ\",\"HD  ગુણવત્તા સ્ટ્રીમિંગ\"],\"tamil\":[\"1000+ நிகழ்ச்சிகள்\",\"விளம்பரமில்லா கேட்டல் அனுபவம்\",\"HD தர ஸ்ட்ரீமிங்\"]}","premium_faqs":"{   \"english\": [     {       \"question\": \"What are the benefits of buying KukuFM Premium?\",       \"answer\": \"KukuFM Premium brings you Motivation and self-help content, which can help you gain more control over your life. It can help you to build your confidence, improve career prospects, inculcate healthy habits which results in mindfulness and fitness, and improve your character which inculcates healthy relationships. So why not invest in your personal growth when you can get it all at one place.\"     },     {       \"question\": \"What is included in the premium subscription?\",       \"answer\": \"The premium subscription includes unlimited access to all shows except VIP shows on Kuku FM - we offer self-help and motivational shows, audiobook summaries, stories and much more. Every show except VIP shows on the Kuku FM app is included in your subscription.\"     },     {       \"question\": \"How can I get the money back if I don’t like it?\",       \"answer\": \"Users on the free trial are not eligible for refunds on their first auto-renewal. A 3-day refund policy applies only to renewals after the initial paid subscription. For cancellations or eligible refunds, contact in-app chat support at  https:\/\/kukufm\/chat or email us at support@kukufm.com. Refunds will be processed to the original payment method within 8–11 working days.\"     },     {       \"question\": \"How can I cancel my subscription for future billing?\",       \"answer\": \"You can easily cancel your subscription for future billing by reaching out to us via our in-app chat support at https:\/\/kukufm\/chat\/\"     },     {       \"question\": \"Can I gift my membership to someone else?\",       \"answer\": \"Currently the membership is mapped to a particular profile on KukuFM, and is not transferable.\"     },     {       \"question\": \"Will the content that is currently available be the only content?\",       \"answer\": \"No, our team will constantly add new and fresh content to our Premium library to serve your appetite, so it shall always be more than what a premium user can consume - so that you never feel a shortage of content.\"     },     {       \"question\": \"What are coins at Kuku FM?\",       \"answer\": \"KukuFM coins are an in-app currency that you can purchase & use to unlock episodes of VIP shows.\"     }   ],   \"hindi\": [     {       \"question\": \"KukuFM प्रीमियम खरीदने के क्या लाभ हैं?\",       \"answer\": \"KukuFM प्रीमियम आपके लिए प्रेरणा और स्व-सहायता सामग्री लाता है, जो आपको अपने जीवन पर अधिक नियंत्रण पाने में मदद कर सकता है। यह आपको अपना आत्मविश्वास बढ़ाने, करियर की संभावनाओं में सुधार करने, स्वस्थ आदतें विकसित करने में मदद कर सकता है जिसके परिणामस्वरूप दिमागीपन और फिटनेस होती है, और आपके चरित्र में सुधार होता है जो स्वस्थ संबंधों को विकसित करता है। तो जब आप यह सब एक ही स्थान पर प्राप्त कर सकते हैं तो अपने व्यक्तिगत विकास में निवेश क्यों न करें।\"     },     {       \"question\": \"प्रीमियम सदस्यता में क्या शामिल है?\",       \"answer\": \"प्रीमियम सदस्यता में कुकू एफएम पर वीआईपी शो को छोड़कर सभी शो तक असीमित पहुंच शामिल है - हम स्व-सहायता और प्रेरक शो, ऑडियोबुक सारांश, कहानियां और बहुत कुछ प्रदान करते हैं। कुकू एफएम ऐप पर वीआईपी शो को छोड़कर हर शो आपकी सदस्यता में शामिल है।\"     },     {       \"question\": \"यदि मुझे यह पसंद नहीं है तो मैं पैसे कैसे वापस पा सकता हूँ?\",       \"answer\": \"हमारी सभी योजनाएं 3 दिन की रिफंड पॉलिसी के साथ आती हैं। यदि आप हमारी सेवा से खुश नहीं हैं, तो आप अपनी सदस्यता रद्द कर सकते हैं और खरीदारी के 3 दिनों के भीतर https:\/\/kukufm\/chat\/ पर हमारे इन-ऐप चैट समर्थन के माध्यम से धनवापसी मांग सकते हैं। आपका रिफंड मूल भुगतान विधि पर 8-11 कार्य दिवसों के भीतर जारी कर दिया जाएगा।\"     },     {       \"question\": \"मैं भविष्य की बिलिंग के लिए अपनी सदस्यता कैसे रद्द कर सकता हूँ?\",       \"answer\": \"आप https:\/\/kukufm\/chat\/ पर हमारे इन-ऐप चैट समर्थन के माध्यम से हमसे संपर्क करके भविष्य की बिलिंग के लिए अपनी सदस्यता आसानी से रद्द कर सकते हैं।\"     },     {       \"question\": \"क्या मैं अपनी सदस्यता किसी और को उपहार में दे सकता हूँ?\",       \"answer\": \"वर्तमान में सदस्यता KukuFM पर एक विशेष प्रोफ़ाइल पर मैप की गई है, और हस्तांतरणीय नहीं है।\"     },     {       \"question\": \"क्या वर्तमान में उपलब्ध सामग्री ही एकमात्र सामग्री होगी?\",       \"answer\": \"नहीं, हमारी टीम आपकी रुचि को पूरा करने के लिए हमारी प्रीमियम लाइब्रेरी में लगातार नई और ताज़ा सामग्री जोड़ेगी, इसलिए यह हमेशा एक प्रीमियम उपयोगकर्ता द्वारा उपभोग की जा सकने वाली सामग्री से अधिक होगी - ताकि आपको कभी भी सामग्री की कमी महसूस न हो।\"     },     {       \"question\": \"KukuFM कॉइन्स क्या हैं?\",       \"answer\": \"KukuFM कॉइन्स एक इन-ऐप मुद्रा है जिसे आप खरीद सकते हैं और वीआईपी शो के एपिसोड अनलॉक करने के लिए उपयोग कर सकते हैं।\"     }   ],   \"marathi\": [     {       \"question\": \"KukuFM प्रीमियम खरेदी करण्याचे फायदे काय आहेत?\",       \"answer\": \"KukuFM प्रीमियम तुमच्यासाठी प्रेरणा आणि स्वयं-मदत सामग्री आणते, जी तुम्हाला तुमच्या जीवनावर अधिक नियंत्रण मिळविण्यात मदत करू शकते. हे तुम्हाला तुमचा आत्मविश्वास वाढवण्यात, करिअरच्या शक्यता सुधारण्यात, निरोगी सवयी लावण्यास मदत करू शकते ज्यामुळे सजगता आणि तंदुरुस्ती मिळते आणि तुमचे चारित्र्य सुधारते ज्यामुळे निरोगी नातेसंबंध निर्माण होतात. तर मग तुमच्या वैयक्तिक वाढीसाठी गुंतवणूक का करू नये जेव्हा तुम्ही हे सर्व एकाच ठिकाणी मिळवू शकता.\"     },     {       \"question\": \"प्रीमियम सबस्क्रिप्शनमध्ये काय समाविष्ट आहे?\",       \"answer\": \"प्रीमियम सबस्क्रिप्शनमध्ये कुकू एफएमवरील व्हीआयपी शो वगळता सर्व शोमध्ये अमर्यादित प्रवेश समाविष्ट आहे - आम्ही स्वयं-मदत आणि प्रेरक शो, ऑडिओबुक सारांश, कथा आणि बरेच काही ऑफर करतो. Kuku FM ॲपवरील VIP शो वगळता प्रत्येक शो तुमच्या सदस्यत्वामध्ये समाविष्ट आहे.\"     },     {       \"question\": \"मला ते आवडत नसेल तर मला पैसे कसे परत मिळतील?\",       \"answer\": \"आमच्या सर्व योजना 3-दिवसांच्या परतावा धोरणासह येतात. तुम्ही आमच्या सेवेवर खूश नसल्यास, तुम्ही तुमची सदस्यता रद्द करू शकता आणि खरेदीच्या 3 दिवसांच्या आत https:\/\/kukufm\/chat येथे आमच्या ॲप-मधील चॅट समर्थनाद्वारे परतावा मागू शकता. तुमचा परतावा 8-11 कामकाजाच्या दिवसांत मूळ पेमेंट पद्धतीवर जारी केला जाईल.\"     },     {       \"question\": \"भविष्यातील बिलिंगसाठी मी माझी सदस्यता कशी रद्द करू शकतो?\",       \"answer\": \"https:\/\/kukufm\/chat वर आमच्या ॲप-मधील चॅट समर्थनाद्वारे आमच्याशी संपर्क साधून तुम्ही भविष्यातील बिलिंगसाठी तुमची सदस्यता सहजपणे रद्द करू शकता.\"     },     {       \"question\": \"मी माझे सदस्यत्व दुसऱ्याला भेट देऊ शकतो का?\",       \"answer\": \"सध्या सदस्यत्व KukuFM वर एका विशिष्ट प्रोफाइलवर मॅप केले आहे, आणि ते हस्तांतरणीय नाही.\"     },     {       \"question\": \"सध्या जी सामग्री उपलब्ध आहे तीच सामग्री असेल का?\",       \"answer\": \"नाही, आमची टीम तुमची भूक भागवण्यासाठी आमच्या प्रीमियम लायब्ररीमध्ये सतत नवीन आणि ताजी सामग्री जोडेल, त्यामुळे प्रीमियम वापरकर्त्याने जे वापरता येईल त्यापेक्षा ते नेहमीच जास्त असेल - जेणेकरून तुम्हाला सामग्रीची कमतरता जाणवू नये.\"     },     {       \"question\": \"कुकुएफएम नाणी काय आहेत?\",       \"answer\": \"KukuFM नाणी हे ॲप-मधील चलन आहे जे तुम्ही खरेदी करू शकता आणि VIP शो भाग अनलॉक करण्यासाठी वापरू शकता.\"     }   ] }","premium_faqs_international":"{   \"english\": [     {       \"question\": \"What are the benefits of buying KukuFM Premium?\",       \"answer\": \"KukuFM Premium brings you Motivation and self-help content, which can help you gain more control over your life. It can help you to build your confidence, improve career prospects, inculcate healthy habits which results in mindfulness and fitness, and improve your character which inculcates healthy relationships. So why not invest in your personal growth when you can get it all at one place.\"     },     {       \"question\": \"What is included in the premium subscription?\",       \"answer\": \"The premium subscription includes unlimited access to all shows except VIP shows on Kuku FM - we offer self-help and motivational shows, audiobook summaries, stories and much more. Every show except VIP shows on the Kuku FM app is included in your subscription.\"     },     {       \"question\": \"How can I get the money back if I don’t like it?\",       \"answer\": \"Users on the free trial are not eligible for refunds on their first auto-renewal. A 3-day refund policy applies only to renewals after the initial paid subscription. For cancellations or eligible refunds, contact in-app chat support at  https:\/\/kukufm\/chat or email us at support@kukufm.com. Refunds will be processed to the original payment method within 8–11 working days.\"     },     {       \"question\": \"How can I cancel my subscription for future billing?\",       \"answer\": \"You can easily cancel your subscription for future billing by reaching out to us via our in-app chat support at https:\/\/kukufm\/chat\/\"     },     {       \"question\": \"Can I gift my membership to someone else?\",       \"answer\": \"Currently the membership is mapped to a particular profile on KukuFM, and is not transferable.\"     },     {       \"question\": \"Will the content that is currently available be the only content?\",       \"answer\": \"No, our team will constantly add new and fresh content to our Premium library to serve your appetite, so it shall always be more than what a premium user can consume - so that you never feel a shortage of content.\"     },     {       \"question\": \"What are coins at Kuku FM?\",       \"answer\": \"KukuFM coins are an in-app currency that you can purchase & use to unlock episodes of VIP shows.\"     }   ] }","premium_plans":"[{\"plan_type\":\"overall\",\"discounted_selling_price\":199,\"validity\":30,\"plan_name\":\"Kuku Premium Monthly\",\"plan_id\":4,\"validity_text\":\"Month\",\"description\":\"Subscription valid only for 1 month\",\"selling_price\":199,\"discount_amount\":0,\"plan_discount_id\":\"\"},{\"plan_type\":\"overall\",\"discounted_selling_price\":399,\"validity\":365,\"plan_name\":\"Kuku Premium Yearly\",\"plan_id\":1,\"validity_text\":\"Year\",\"description\":\"Subscription valid only for 1 Year\",\"selling_price\":999,\"discount_amount\":600,\"plan_discount_id\":1}]","premium_support_mail":"support@kukufm.com","premium_support_phone":"+912071530214","profile_completion_on_follow":"false","profile_performance_see_details":"true","profile_show_invite_friends":"true","rating_delayed_time":"90000","rating_popup_count":"3","rating_poupup_interval":"7200","rating_redirect_playstore":"false","recap_2023":"false","recurring_discount_set_a":"true","recurring_discount_set_b":"false","renewal_show_nudge":"false","report_abuse":"https:\/\/kukufm.com\/terms-condition","restrict_screen_recording":"true","retry_notification_image_count":"3","retry_notification_image_interval":"30","sale_content_in_actionbar":"false|18:10:2022|23:59","sale_home_gif_link":"{\"url\":\"https:\/\/images.cdn.kukufm.com\/https:\/\/kukufm.s3.ap-south-1.amazonaws.com\/diwali-contest\/diwali_sale_anim_v5.gif\",\"deeplink\":\"app:\/\/kukufm\/premium\",\"active\":false}","scroll_nudge_text":"Discover More","sell_show_in_autoplay_d0":"true","should_activate_login_v2":"false","should_activate_login_v3":"false","should_activate_login_v4":"true","should_auto_click_miniplayer":"false","should_autoplay_for_d1plus_users":"false","should_control_onboarding_from_android":"false","should_play_banner_for_organic_user":"1.0","should_play_campaign_cu":"true","should_pre_apply_coupon_via_discount_discovery":"true","should_set_diwali_app_icon":"false","should_show_buy_premium_in_actionbar":"false","should_show_contact_in_invite":"false","should_show_fastest_on_phonepe":"true","should_show_new_subscription_page":"true","should_show_onboarding_v2":"true","should_show_onboarding_v3":"true","should_show_rating_on_genre_onboarding":"true","should_show_redeem_on_ft_native":"false","should_show_skip_button":"false","should_skip_download_popup_show_subscription":"true","should_skip_login_for_all":"false","should_skip_login_for_campaign_user":"false","should_skip_paywall_screen":"false","show_app_rating_layout":"true","show_app_rating_popup":"true","show_audio_description":"true","show_audio_trimming":"false","show_autoplay_switch":"true","show_autostart_popup":"true","show_autostart_popup_timing":"120","show_banner":"true","show_banner_play_button":"true","show_buy_button_upsell":"false","show_call_inquiry":"true","show_call_us_icon":"false","show_connect_cd_team_dialog":"false","show_content_language_after_login":"false","show_curation_onboarding":"false","show_daily_updates_if_lang_hindi":"true","show_description":"false","show_discount_ribbon_after_premium_clicked":"false","show_diwali_affiliate_popup":"false","show_download_discovery_indicators":"true","show_end_of_show_experience":"false","show_episode_count":"100","show_explore_discovery_indicators":"true","show_facebook_login":"false","show_fomo_paywall":"false","show_genre_tag_on_onboarding":"true","show_genre_top_creators":"true","show_gifting":"true","show_home_quiz_d1":"false","show_internal_ad":"false","show_interstitial_ads":"false","show_intro_screen":"false","show_intro_screen_v3":"true","show_invite_popup":"false","show_klips":"false","show_language_prompt":"true","show_listen_count":"true","show_login_screen":"false","show_mixeditems_home":"false","show_new_home":"true","show_new_video_player":"true","show_notification_count":"0","show_notification_delay":"120000000000000","show_onboarding_content_lang_screen":"false","show_onboarding_for_female":"true","show_onboarding_skip":"true","show_one_direct_chat":"true","show_page_layout_bounce":"first_user_set","show_paytm_in_payment_form":"false","show_player_notification_app_open":"true","show_player_onboarding":"true","show_premium_tag":"false","show_premium_tag_for_fiction":"false","show_rating":"true","show_review_on_player":"false","show_ribbon_extra_data":"false","show_shows_languages":"true","show_shows_languages_coachmark":"true","show_shows_play_button":"true","show_skip_button_for_non_upi_users":"false","show_skip_in_intro_screen_v3":"true","show_social_proofing":"true","show_splash_holi":"true","show_sticky_notification_count":"0","show_subscription_on_unlock_click":"true","show_subscription_page_in_premium_tab":"false","show_user_onboarding":"true","show_video_banner":"false","show_whatsapp_icon_as_share":"false","show_whatsapp_prompt":"false","shows_continue_listening_section":"true","signup_mandatory":"true","signup_mandatory_v2":"true","signup_wall_visible":"false","simpl_offer_text":"","singular_deeplink":"https:\/\/kukufm.sng.link\/Bpksi\/3s34\/j2kq","skip_male_female_curation":"true","skip_payment_failed_pending_page":"true","skip_subscription_screen":"false","srt_enabled":"true","subscription_page_url":"\/subscription","terms_and_condition":"https:\/\/kukufm.com\/terms-condition","thumbnail_size":"1","trailer_end_experience":"2","unlock_episode_requirement_type":"podcast_share","upgrade_popup_skip_premium_page":"false","upi_collect_coachmark_enabled":"false","user_experior":"true","user_share_image":"true","utm_source_autoplay":"ct_autoplay,tm_hero_yt_ex,tm_hero_yt_rm,tm_hero_yt_ra,tm_hero_fb_ex,tm_hero_fb_rm,tm_hero_fb_ra,hi_hero_yt_ex,hi_hero_yt_rm,hi_hero_yt_ra,hi_hero_fb_ex,hi_hero_fb_rm,hi_hero_fb_ra,h_pr_y,h_bytes_fb_rm,h_bytes_fb_ra,h_bytes_yt_rm,h_bytes_yt_ra","video_autoplay_subspage":"false","whatsapp_nudge_poupup_interval":"60000000000","whatsapp_number":"917304632431"},"fetch_time_key":1761149751406,"abt_experiments_key":[],"personalization_metadata_key":{"enable_hinglish":{"personalizationId":"510d3565-a2a6-418d-bc3e-9770bcad29a1","armIndex":0,"choiceId":"1f0af626-6df5-6830-83ef-f804c79e7ace","group":"P13N"}},"template_version_number_key":1562}