{"Fid":"c2VViCJfT32cuA8dEsqkef","Status":3,"AuthToken":"eyJhbGciOiJFUzI1NiIsInR5cCI6IkpXVCJ9.eyJhcHBJZCI6IjE6ODUwMjIwMDM3MDgxOmFuZHJvaWQ6YjgyMDdhYzQwNzViNWUxMTI3NWZjOCIsImV4cCI6MTc2MTc1NDU1MiwiZmlkIjoiYzJWVmlDSmZUMzJjdUE4ZEVzcWtlZiIsInByb2plY3ROdW1iZXIiOjg1MDIyMDAzNzA4MX0.AB2LPV8wRAIgaHkBoHkduykbmRnIgYhiSTDG-SmabhelL7fT0DxoflsCIEFUNIS8CX0c_tt01q5MT6vNCjvsD2aI5qjYWIxJEl8l","RefreshToken":"3_AS3qfwKfwzMyKHiOZvLexhxN6o0ApYybLaaB9tGzB0J9RcaLvcQ-C8Qw_qp363gaeIV_RP2sUNgcJD281FdDVyfkaxRqQKCVeaJdSSv7j-gENQ","TokenCreationEpochInSecs":1761149751,"ExpiresInSecs":604800}