{"Fid":"eUpHuIoYR9b9svn536I7jm","Status":3,"AuthToken":"eyJhbGciOiJFUzI1NiIsInR5cCI6IkpXVCJ9.eyJhcHBJZCI6IjE6MTAyMzEzMzcyODg5NDphbmRyb2lkOmYyNWE2NzFmNTE5NGUxZDYxOGQ4MmYiLCJleHAiOjE3NjE3MjU5NzAsImZpZCI6ImVVcEh1SW9ZUjliOXN2bjUzNkk3am0iLCJwcm9qZWN0TnVtYmVyIjoxMDIzMTMzNzI4ODk0fQ.AB2LPV8wRAIgJ7tMnUN_CC-ssEfMqncDQ54Qcqy6a7tmZBZ7yKATwCYCIGvdjPHd6CcdPN0TxK0CNGndJfN1PMsMrcVyy5JxZRFs","RefreshToken":"3_AS3qfwJj95SjMnaSbjxTXmArkJX6-Bi1qWUDDZlySaDbZl-n3adJeMDiFHF9hdPipwDKLT7jeaUhUAOe60VvwL_JkqCiMez7q0VwM6YbtxnfuHA","TokenCreationEpochInSecs":1761121169,"ExpiresInSecs":604800}