{"Fid":"fqpbFR7fSD6OXqfYuchCCi","Status":3,"AuthToken":"eyJhbGciOiJFUzI1NiIsInR5cCI6IkpXVCJ9.eyJhcHBJZCI6IjE6NDk0NTk3NDQ1MDE0OmFuZHJvaWQ6Nzc5ZDc5Zjc1MTgzYmY2NSIsImV4cCI6MTc1OTgxOTE4MSwiZmlkIjoiZnFwYkZSN2ZTRDZPWHFmWXVjaENDaSIsInByb2plY3ROdW1iZXIiOjQ5NDU5NzQ0NTAxNH0.AB2LPV8wRQIhAPT0WydA00ckffoqy86ZIyNBM6TWJerumQqbzGN9EnuLAiAzj7LobBB2DRZWGFWF9OZH8gjonbuCr4cauWzpO8xOZw","RefreshToken":"3_AS3qfwLRw88-gEbLN7_TvZuV6c_SclVBMDlxvs_LLC4jHd4W2Re1CdhsS58zFbT5H2-A1tQQXuFSaYLS0xhZjvUsL66o1BY9bn6jAG5gAzynLF4","TokenCreationEpochInSecs":1759214380,"ExpiresInSecs":604800}