{"Fid":"cdEi7F25QxuGk6HHnHRY7X","Status":3,"AuthToken":"eyJhbGciOiJFUzI1NiIsInR5cCI6IkpXVCJ9.eyJhcHBJZCI6IjE6MTAyMzEzMzcyODg5NDphbmRyb2lkOmYyNWE2NzFmNTE5NGUxZDYxOGQ4MmYiLCJleHAiOjE3NjE2NTY5OTgsImZpZCI6ImNkRWk3RjI1UXh1R2s2SEhuSFJZN1giLCJwcm9qZWN0TnVtYmVyIjoxMDIzMTMzNzI4ODk0fQ.AB2LPV8wRQIhAKQAGiSAvs8r3XG28nrUDpVOsx1kQXf_mNSE1Njyi_QRAiATRs5qhld8wza2ySG1yOgZEdKIG7l96i22NIczhw5RPQ","RefreshToken":"3_AS3qfwIZN0kUiGRXHqiXFtfQQr_Av3N1JqSo12IM8GviiTkKks-n5jJfRzkV3KZ2Pnr-aBXkAAO2tvMS5ZFRcjBBlyV-xmPUKM2nG9iF-uQQ9TM","TokenCreationEpochInSecs":1761052197,"ExpiresInSecs":604800}