<?xml version='1.0' encoding='utf-8' standalone='yes' ?>
<map>
    <boolean name="measurement_enabled_from_api" value="true" />
    <long name="first_open_time" value="1759215145869" />
    <string name="gmp_app_id">1:494597445014:android:779d79f75183bf65</string>
    <string name="app_instance_id">d6dd54111a4b710448bda7e76cd5c0b3</string>
    <long name="session_id" value="1759215148" />
    <boolean name="app_backgrounded" value="true" />
    <long name="health_monitor:start" value="1759215147653" />
    <boolean name="use_service" value="true" />
    <boolean name="deferred_analytics_collection" value="false" />
    <string name="previous_os_version">14</string>
    <boolean name="measurement_enabled" value="true" />
    <boolean name="has_been_opened" value="true" />
    <boolean name="allow_remote_dynamite" value="true" />
    <long name="last_pause_time" value="1759215189389" />
    <boolean name="start_new_session" value="false" />
</map>
