<?xml version='1.0' encoding='utf-8' standalone='yes' ?>
<map>
    <long name="time_active" value="19671" />
    <long name="last_upload" value="1757684660753" />
    <long name="first_open_time" value="1757684660604" />
    <string name="gmp_app_id">1:210416030535:android:f8fd6d3246fed0e3</string>
    <string name="previous_os_version">14</string>
    <string name="app_instance_id">58242f3f3e326382ff6b1c6b039dc176</string>
    <boolean name="has_been_opened" value="true" />
    <long name="health_monitor:start" value="1757684660768" />
    <boolean name="use_service" value="true" />
    <long name="last_pause_time" value="1757684704988" />
    <boolean name="start_new_session" value="false" />
</map>
