<?xml version='1.0' encoding='utf-8' standalone='yes' ?>
<map>
    <set name="fire-cls/19.3.0 kotlin/2.0.10 fire-installations/18.0.0 android-installer/bin.mt.plus.canary android-min-sdk/24 fire-fcm/23.1.2 device-brand/realme fire-analytics/21.5.1 fire-cls-ndk/19.3.0 fire-android/34 fire-core/21.0.0 fire-core-ktx/21.0.0 fire-sessions/2.0.1 android-platform/ device-name/RMX3660 fire-transport/18.1.8 android-target-sdk/36 device-model/RE588BL1">
        <string>2025-09-30</string>
    </set>
    <long name="fire-count" value="1" />
    <string name="last-used-date">2025-09-30</string>
    <long name="fire-global" value="1759215145993" />
</map>
