<?xml version='1.0' encoding='utf-8' standalone='yes' ?>
<map>
    <string name="settings_location">/data/user/0/com.spotify.music/files/settings</string>
    <int name="PlayIntegrityPluginPreferences.DateVerified" value="273" />
    <string name="install_pai_preload_referrer"></string>
    <string name="pre-signup-experiment-request-id"></string>
    <boolean name="com.spotify.proactiveplatforms.npvwidget.KEY_PREFS_LOGGED_IN" value="true" />
    <long name="notification_permission_education_screen_shown_timestamp" value="1759215188104" />
    <long name="background_restrictions_next_scheduled_time" value="0" />
    <string name="user-selected-language">en-GB</string>
    <string name="installation_id">q3hdtmv64517l3d9n7ggq5d6l0</string>
    <int name="engage_sdk_continuation_cluster_publish_status" value="9" />
    <long name="key_date_first_launch" value="1759215185999" />
    <boolean name="premium_badge_campaign_has_viewed" value="false" />
    <int name="service_crash_count" value="0" />
    <int name="key_rater_plays_amount" value="2" />
    <long name="preload_notification_first_time_app_started_millis" value="1759215172738" />
    <long name="po-session-date" value="1759215186024" />
    <boolean name="data_saver_mode_android_enabled" value="false" />
    <string name="premium_badge_campaign">{}</string>
    <boolean name="install_referrer_read" value="true" />
    <int name="engage_sdk_recommendations_cluster_publish_status" value="9" />
    <string name="registration_install_attribution_referrer">utm_medium=organic&amp;utm_source=google-play</string>
    <boolean name="last_known_is_logged_out_status" value="false" />
    <long name="samsung_clock_nudge_earliest_time_nudge_can_show_timestamp" value="1759819986225" />
    <boolean name="join_nearby_session_seen.identifier" value="false" />
    <boolean name="is_user_logged_in" value="true" />
    <boolean name="dac-home-force-network-request" value="false" />
    <long name="last_push_token_update_time" value="1759215173090" />
    <string name="branch_partner_id">0048cf8244288013821300ccf84d44382ccb23710c8c9fb23017a5</string>
    <long name="branch_partner_id_cache_time_key" value="1759215175357" />
    <string name="event-sender-event-owner">31h3fhjcvf3wobrwzhvx2rfphcwq</string>
    <string name="registration_app_attribution_referrer">utm_medium=organic&amp;utm_source=google-play</string>
    <string name="crashlytics_user_id">31h3fhjcvf3wobrwzhvx2rfphcwq</string>
    <string name="crashlytics_partner_id">00b1ee2037c5a4ee6f65ed5b8d439c4ca91c7f446edcd36a69c058</string>
    <string name="current_push_token">fCNOo0JGQoKjwty7p8JnZE:APA91bHU4eMwcVaBVbUL6BAjFbnAEDB-j22gNwjbI42zyNH65yR_ht4kTFZelQG4P9TBfS_T5RzPSh94uJHEg8TkCOIU6ySGLmMucQB50qeD9tX5xVGN7Ls</string>
    <int name="deletion-policy" value="0" />
    <long name="registration_app_attribution_referrer_timestamp" value="1759215148526" />
    <boolean name="preload_notification_has_never_logged_in" value="false" />
    <string name="cache_location_v4">/storage/emulated/0/Android/data/com.spotify.music/files/spotifycache</string>
    <long name="wear.phoneonboardingtriggers.onboarding_enabled_key" value="1759215173921" />
    <string name="ADAPTIVE_AUTH_METADATA_AUTH_SOURCE">EMAIL</string>
    <int name="background_restrictions_times_shown" value="1" />
    <set name="limited_experience_indicator_key" />
    <boolean name="NET_CAPABILITIES_VALIDATED_DISABLED" value="false" />
</map>
