<?xml version='1.0' encoding='utf-8' standalone='yes' ?>
<map>
    <long name="com.facebook.appevents.SessionInfo.sessionStartTime" value="1761149752335" />
    <long name="com.facebook.appevents.SessionInfo.sessionEndTime" value="1761149833826" />
    <boolean name="bg_startup_tracing" value="false" />
    <int name="com.encdata.rakib.classes.originalInstallVersionCode" value="50005" />
    <int name="com.facebook.appevents.SessionInfo.interruptionCount" value="4" />
    <long name="com.encdata.rakib.classes.cloneTimestamp" value="1761149707074" />
    <string name="com.facebook.appevents.SessionInfo.sessionId">82395cdb-e536-4f14-bc3a-863257d80d5f</string>
</map>
