<?xml version='1.0' encoding='utf-8' standalone='yes' ?>
<map>
    <set name="fire-perf/20.4.0 kotlin/2.0.21 device-brand/vivo fire-analytics/21.3.0 android-min-sdk/23 fire-fcm/23.2.0 fire-core-ktx/unspecified fire-sessions/1.0.0 fire-abt/21.1.1 fire-core/20.3.3 device-name/2131i android-installer/com.android.vending fire-android/31 fire-installations/17.1.3 fire-rc/21.4.1 android-platform/ fire-dl/21.1.0 fire-auth/22.1.0 android-target-sdk/27 fire-transport/18.1.8 fire-cls/18.4.0 device-model/2131">
        <string>2025-10-22</string>
    </set>
    <set name="kotlin/2.1.10 fire-installations/18.0.0 fire-auth/23.2.0 fire-rc/22.1.0 android-min-sdk/23 device-model/RE54B4L1 fire-dl/22.1.0 device-name/mt6781 device-brand/realme fire-android/28 fire-abt/21.1.1 android-installer/com.android.vending fire-core/21.0.0 fire-core-ktx/21.0.0 fire-perf/21.0.4 fire-analytics/22.3.0 android-platform/ fire-fcm/24.1.0 android-target-sdk/27 fire-sessions/2.0.9 fire-transport/19.0.0 fire-cls/19.4.1">
        <string>2025-10-23</string>
    </set>
    <long name="fire-count" value="2" />
    <string name="last-used-date">2025-10-23</string>
    <long name="fire-global" value="1761149824461" />
</map>
