<?xml version='1.0' encoding='utf-8' standalone='yes' ?>
<map>
    <int name="AF_CACHE_VERSION" value="1" />
    <string name="prev_event_name">trailer_played</string>
    <boolean name="didSendRevenueTriggerOnLastBackground" value="true" />
    <long name="prev_event_timestamp" value="1761152312130" />
    <int name="appsFlyerInAppEventCount" value="19" />
    <long name="prev_session_dur" value="4" />
    <boolean name="ddl_sent" value="true" />
    <long name="af_rc_max_age" value="86400" />
    <string name="sentSuccessfully">true</string>
    <int name="versionCode" value="27" />
    <string name="af_remote_config">eyJmZWF0dXJlcyI6e30sInZlciI6ImRlZmF1bHQudjEuMTYzNzE0OTUyOSJ9</string>
    <string name="savedProperties">{&quot;logLevel&quot;:&quot;0&quot;}</string>
    <string name="AF_INSTALLATION">1761052148377-7968405114741100758</string>
    <boolean name="afUninstallToken_queued" value="false" />
    <int name="appsFlyerCount" value="11" />
    <long name="AppsFlyerTimePassedSincePrevLaunch" value="1761152706896" />
    <boolean name="newGPReferrerSent" value="true" />
    <long name="af_rc_timestamp" value="1761138661279" />
    <long name="appsflyerConversionDataCacheExpiration" value="1761152310381" />
    <string name="first_launch">{&quot;net&quot;:54261,&quot;from_fg&quot;:92651,&quot;start_with&quot;:&quot;activity&quot;,&quot;init_to_fg&quot;:152}</string>
    <string name="appsFlyerFirstInstall">2025-10-21_183909+0530</string>
    <string name="attributionId">{&quot;adgroup_id&quot;:&quot;120234474102570123&quot;,&quot;retargeting_conversion_type&quot;:&quot;re-engagement&quot;,&quot;is_fb&quot;:true,&quot;is_first_launch&quot;:false,&quot;iscache&quot;:false,&quot;click_time&quot;:&quot;2025-10-22 15:44:56.000&quot;,&quot;adset&quot;:&quot;Purchase_CatalogueAds__Originals_Hindi_Video_Test__marketingteam_LaapataShehzaada_BAU_191025&quot;,&quot;match_type&quot;:&quot;srn&quot;,&quot;af_channel&quot;:&quot;Instagram&quot;,&quot;is_paid&quot;:true,&quot;campaign_id&quot;:&quot;120234474102310123&quot;,&quot;install_time&quot;:&quot;2025-10-22 16:28:20.539&quot;,&quot;agency&quot;:null,&quot;media_source&quot;:&quot;Facebook Ads&quot;,&quot;af_siteid&quot;:null,&quot;af_status&quot;:&quot;Non-organic&quot;,&quot;af_sub1&quot;:null,&quot;ad_id&quot;:&quot;120234474214770123&quot;,&quot;af_sub5&quot;:null,&quot;af_sub4&quot;:null,&quot;af_sub3&quot;:null,&quot;af_sub2&quot;:null,&quot;adset_id&quot;:&quot;120234474102420123&quot;,&quot;http_referrer&quot;:null,&quot;campaign&quot;:&quot;FB_ABO_Hindi_AR_AppEvent_Purchase_CatalogueAds_IN_LaapataShehzaada_BAU_191025&quot;,&quot;is_mobile_data_terms_signed&quot;:true,&quot;adgroup&quot;:&quot;CatalogueAds__Originals_Hindi_Video_Test__marketingteam_LaapataShehzaada_BAU_191025&quot;}</string>
</map>
