{"Fid":"frl8xSBzRiiLQArMLq678I","Status":3,"AuthToken":"eyJhbGciOiJFUzI1NiIsInR5cCI6IkpXVCJ9.eyJhcHBJZCI6IjE6MTAwNDE0NTY5NDM3OmFuZHJvaWQ6ZGMzZDFkOWQ3N2NkMjZhOTU0NTQzNCIsImV4cCI6MTc2MTkwOTIwMywiZmlkIjoiZnJsOHhTQnpSaWlMUUFyTUxxNjc4SSIsInByb2plY3ROdW1iZXIiOjEwMDQxNDU2OTQzN30.AB2LPV8wRQIhAKtPEZK56r0QhIY-llgC8GDd8xFciJp-5WuT91eL3ZUbAiB5wLraLfx2TEbAuhFK9VMX1i7a3FWFJHRtUfY4ubGL0g","RefreshToken":"3_AS3qfwKWd8_cRBXRiLuEND4cBdoqmAZBdkz9mzFK00RRtUxCmhjo6bwI8-QyxhyUUfzbmQvd6t-xY2__zxshyK15b0Vz75BsDBtwX3EWsPcD_Qc","TokenCreationEpochInSecs":1761304404,"ExpiresInSecs":604800}